iter	Logloss	Accuracy
0	0.6862829997	0.8121484814
1	0.6809444134	0.8087739033
2	0.6751692192	0.811023622
3	0.6689060433	0.8132733408
4	0.663214412	0.8121484814
5	0.6576488286	0.811023622
6	0.654444094	0.8143982002
7	0.649063509	0.8143982002
8	0.6443240788	0.8143982002
9	0.639593472	0.8155230596
10	0.634518553	0.8155230596
11	0.630531624	0.8143982002
12	0.6275610437	0.8132733408
13	0.6225019893	0.8143982002
14	0.6179502868	0.8177727784
15	0.6140480312	0.8177727784
16	0.6100033955	0.8188976378
17	0.6049646427	0.8177727784
18	0.6025760117	0.816647919
19	0.5998630036	0.8132733408
20	0.5958216745	0.8132733408
21	0.591410594	0.8132733408
22	0.5876738502	0.8155230596
23	0.5844864306	0.8143982002
24	0.5807646341	0.816647919
25	0.5771272159	0.816647919
26	0.5728543458	0.816647919
27	0.569899682	0.816647919
28	0.5662607706	0.8177727784
29	0.563420135	0.816647919
30	0.5606398073	0.8177727784
31	0.5589070641	0.8177727784
32	0.5555976399	0.816647919
33	0.5527465299	0.816647919
34	0.5502509393	0.816647919
35	0.5474224825	0.816647919
36	0.5449661546	0.816647919
37	0.5419375138	0.816647919
38	0.5389497138	0.816647919
39	0.537036138	0.816647919
40	0.5345431607	0.816647919
41	0.5318468307	0.8177727784
42	0.528708944	0.8177727784
43	0.5266516564	0.8177727784
44	0.5250387505	0.8177727784
45	0.5234471816	0.8177727784
46	0.5211118487	0.8177727784
47	0.5186236424	0.8188976378
48	0.5174240004	0.8188976378
49	0.5153829936	0.8188976378
50	0.5136875693	0.8188976378
51	0.5117623129	0.8188976378
52	0.5107220729	0.8188976378
53	0.5081770771	0.8188976378
54	0.506921233	0.8188976378
55	0.505575494	0.8188976378
56	0.5038307015	0.8200224972
57	0.5027957823	0.8188976378
58	0.5013980864	0.8188976378
59	0.499690041	0.8200224972
60	0.4979647501	0.8200224972
61	0.4964338188	0.8200224972
62	0.4950122112	0.8200224972
63	0.493615908	0.8200224972
64	0.4925482843	0.8200224972
65	0.4904981447	0.8188976378
66	0.4894553724	0.8188976378
67	0.4887259378	0.8188976378
68	0.4868577111	0.8200224972
69	0.4856525028	0.8188976378
70	0.4844220989	0.8188976378
71	0.4833107979	0.8188976378
72	0.4820151758	0.8188976378
73	0.4809680893	0.8188976378
74	0.4796902938	0.8188976378
75	0.4784984969	0.8188976378
76	0.4765209314	0.8188976378
77	0.4752912022	0.8188976378
78	0.4736698187	0.8188976378
79	0.4731221498	0.8188976378
80	0.4725858809	0.8188976378
81	0.471373574	0.8188976378
82	0.4701810971	0.8188976378
83	0.468394212	0.8188976378
84	0.467338762	0.8188976378
85	0.4663532922	0.8177727784
86	0.4648838079	0.8177727784
87	0.4634498758	0.8177727784
88	0.4621939963	0.8188976378
89	0.4612193179	0.8177727784
90	0.4607997731	0.8177727784
91	0.4602730621	0.8177727784
92	0.4596308682	0.8177727784
93	0.4589702757	0.8177727784
94	0.4582646737	0.816647919
95	0.4567502826	0.8177727784
96	0.4561099266	0.816647919
97	0.4553858577	0.8177727784
98	0.454319953	0.8177727784
99	0.4533588663	0.8177727784
100	0.4525700114	0.8188976378
101	0.4522112887	0.8188976378
102	0.4515743638	0.8188976378
103	0.4507656279	0.8188976378
104	0.4496655763	0.8188976378
105	0.4493023575	0.8188976378
106	0.4489219595	0.8188976378
107	0.4484150199	0.8188976378
108	0.4477069574	0.8188976378
109	0.4470392042	0.8188976378
110	0.4460393532	0.8188976378
111	0.4456196772	0.8188976378
112	0.4450435906	0.8188976378
113	0.4443097805	0.8188976378
114	0.4436594323	0.8188976378
115	0.4430323397	0.8188976378
116	0.4425667882	0.8188976378
117	0.4420570709	0.8188976378
118	0.4415627082	0.8188976378
119	0.4409795998	0.8188976378
120	0.4409304366	0.8188976378
121	0.4404749027	0.8188976378
122	0.4401158111	0.8177727784
123	0.4394214207	0.8188976378
124	0.4390911562	0.8188976378
125	0.4385736272	0.8188976378
126	0.4376314401	0.8200224972
127	0.4374418555	0.8200224972
128	0.43678346	0.8200224972
129	0.4367425938	0.8200224972
130	0.4361966153	0.8200224972
131	0.4351844575	0.8200224972
132	0.4347795778	0.8200224972
133	0.4344971856	0.8200224972
134	0.4341237721	0.8200224972
135	0.4336962481	0.8200224972
136	0.4334183291	0.8200224972
137	0.4330321887	0.8200224972
138	0.4328820415	0.8200224972
139	0.4322122669	0.8200224972
140	0.4320459429	0.8200224972
141	0.4313132803	0.8200224972
142	0.4306863932	0.8200224972
143	0.4298502487	0.8200224972
144	0.429563496	0.8200224972
145	0.4291401416	0.8211473566
146	0.4290026936	0.8211473566
147	0.428713944	0.8211473566
148	0.4284865436	0.8211473566
149	0.4282427777	0.8211473566
150	0.4277638344	0.8211473566
151	0.4272183597	0.8211473566
152	0.4268385623	0.8211473566
153	0.4262415494	0.8211473566
154	0.4260480447	0.8211473566
155	0.4254953759	0.8211473566
156	0.4252336952	0.822272216
157	0.4251245965	0.8211473566
158	0.4248393174	0.822272216
159	0.4245472109	0.822272216
160	0.424306681	0.822272216
161	0.4240101133	0.822272216
162	0.4236345392	0.822272216
163	0.4234395971	0.822272216
164	0.4228925767	0.8233970754
165	0.4227463123	0.8233970754
166	0.4226186221	0.8233970754
167	0.4222141005	0.8233970754
168	0.4219365681	0.8233970754
169	0.4216244964	0.8233970754
170	0.4213899779	0.8233970754
171	0.4210836173	0.8245219348
172	0.4208199202	0.8256467942
173	0.4206420891	0.8256467942
174	0.4201114201	0.8267716535
175	0.4198212392	0.8256467942
176	0.4195833582	0.8256467942
177	0.4195684713	0.8256467942
178	0.4194809426	0.8256467942
179	0.4191368102	0.8256467942
180	0.4185960272	0.8256467942
181	0.4184558623	0.8256467942
182	0.4180541653	0.8256467942
183	0.4178579095	0.8256467942
184	0.4175684234	0.8256467942
185	0.4173355631	0.8256467942
186	0.416964052	0.8256467942
187	0.4165339846	0.8256467942
188	0.4162489281	0.8256467942
189	0.4160226858	0.8256467942
190	0.4156772984	0.8256467942
191	0.4153905729	0.8256467942
192	0.4151181488	0.8256467942
193	0.4149057781	0.8256467942
194	0.4147785286	0.8256467942
195	0.4145078033	0.8256467942
196	0.4142289806	0.8256467942
197	0.4138731385	0.8256467942
198	0.413652515	0.8256467942
199	0.4134202659	0.8256467942
200	0.4132429324	0.8256467942
201	0.4131386885	0.8256467942
202	0.4128981307	0.8278965129
203	0.4127999366	0.8278965129
204	0.4123861657	0.8278965129
205	0.4122839555	0.8278965129
206	0.411779376	0.8290213723
207	0.4116196546	0.8290213723
208	0.4114564804	0.8278965129
209	0.4111432696	0.8278965129
210	0.4106762879	0.8290213723
211	0.4106690881	0.8290213723
212	0.4105118858	0.8278965129
213	0.4102389391	0.8290213723
214	0.4101729924	0.8290213723
215	0.4097785043	0.8290213723
216	0.4097719483	0.8290213723
217	0.4095778049	0.8301462317
218	0.409162824	0.8301462317
219	0.4088581002	0.8301462317
220	0.4087048418	0.8301462317
221	0.4084593791	0.8312710911
222	0.408359656	0.8312710911
223	0.4081195046	0.8312710911
224	0.4076140007	0.8312710911
225	0.4072650418	0.8312710911
226	0.4067655427	0.8312710911
227	0.4065649378	0.8312710911
228	0.4065039886	0.8312710911
229	0.4064058466	0.8312710911
230	0.4061180996	0.8312710911
231	0.4055415976	0.8301462317
232	0.4051274713	0.8312710911
233	0.4047998262	0.8312710911
234	0.4045995977	0.8312710911
235	0.4044447422	0.8312710911
236	0.4043262088	0.8323959505
237	0.4040858686	0.8323959505
238	0.4038266155	0.8323959505
239	0.4036662162	0.8312710911
240	0.4033999824	0.8312710911
241	0.4032625424	0.8312710911
242	0.403159599	0.8312710911
243	0.4031157006	0.8312710911
244	0.4030428256	0.8312710911
245	0.4027365551	0.8312710911
246	0.4026695468	0.8312710911
247	0.4025548589	0.8312710911
248	0.4024727142	0.8312710911
249	0.4023172592	0.8312710911
250	0.4022147406	0.8312710911
251	0.4021037527	0.8312710911
252	0.4019768688	0.8323959505
253	0.4018978523	0.8323959505
254	0.401766234	0.8312710911
255	0.4016389001	0.8323959505
256	0.4015661611	0.8323959505
257	0.4013322905	0.8323959505
258	0.4011163637	0.8323959505
259	0.4006385289	0.8335208099
260	0.4004260229	0.8335208099
261	0.4004209638	0.8335208099
262	0.4003922293	0.8335208099
263	0.400141535	0.8335208099
264	0.400085454	0.8335208099
265	0.4000101329	0.8335208099
266	0.3997118815	0.8335208099
267	0.3994205091	0.8335208099
268	0.3991878815	0.8335208099
269	0.3991442056	0.8335208099
270	0.3991032636	0.8335208099
271	0.3991012213	0.8335208099
272	0.3990604317	0.8335208099
273	0.398996023	0.8335208099
274	0.398842673	0.8335208099
275	0.3984797597	0.8323959505
276	0.3983456001	0.8323959505
277	0.3982300348	0.8335208099
278	0.3981400972	0.8335208099
279	0.3980248613	0.8335208099
280	0.3980231601	0.8335208099
281	0.3978096803	0.8335208099
282	0.397558896	0.8346456693
283	0.3974341558	0.8346456693
284	0.3973721919	0.8335208099
285	0.3970670516	0.8346456693
286	0.3967992677	0.8346456693
287	0.3967561065	0.8335208099
288	0.3966434616	0.8335208099
289	0.3965604303	0.8335208099
290	0.3965537074	0.8335208099
291	0.3964798232	0.8335208099
292	0.3963696381	0.8323959505
293	0.3962790572	0.8323959505
294	0.3960748714	0.8335208099
295	0.3960421098	0.8335208099
296	0.3958327526	0.8346456693
297	0.3957204576	0.8346456693
298	0.3957076132	0.8346456693
299	0.3954987382	0.8346456693
300	0.3953515145	0.8346456693
301	0.3953105293	0.8346456693
302	0.3952342698	0.8346456693
303	0.3952332056	0.8346456693
304	0.3950720281	0.8346456693
305	0.3948670549	0.8357705287
306	0.3946427772	0.8357705287
307	0.3945518852	0.8357705287
308	0.3943222031	0.8357705287
309	0.3942335488	0.8357705287
310	0.3941690138	0.8357705287
311	0.3940320279	0.8357705287
312	0.3938484868	0.8357705287
313	0.3937877017	0.8357705287
314	0.3937593833	0.8357705287
315	0.393737881	0.8357705287
316	0.3935485764	0.8357705287
317	0.3934677296	0.8357705287
318	0.3934338508	0.8357705287
319	0.3932612	0.8357705287
320	0.3932174193	0.8357705287
321	0.3932150415	0.8357705287
322	0.3932131883	0.8357705287
323	0.393131342	0.8357705287
324	0.3931290107	0.8357705287
325	0.3930114585	0.8357705287
326	0.3929436113	0.8357705287
327	0.3928210251	0.8357705287
328	0.39263214	0.8357705287
329	0.3926315403	0.8357705287
330	0.3925084723	0.8357705287
331	0.392181952	0.8357705287
332	0.3920570233	0.8357705287
333	0.3918706637	0.8357705287
334	0.3917634685	0.8357705287
335	0.3916126676	0.8357705287
336	0.3914734529	0.8368953881
337	0.3914486298	0.8368953881
338	0.3912763948	0.8368953881
339	0.3911364967	0.8368953881
340	0.3910828145	0.8368953881
341	0.3910412608	0.8368953881
342	0.3910351465	0.8368953881
343	0.3908387995	0.8368953881
344	0.3907467871	0.8368953881
345	0.3905555756	0.8368953881
346	0.3905329072	0.8368953881
347	0.3904623741	0.8368953881
348	0.3904619897	0.8368953881
349	0.3901003542	0.8368953881
350	0.390098987	0.8368953881
351	0.3898423487	0.8368953881
352	0.3898010769	0.8368953881
353	0.3897611003	0.8368953881
354	0.3897227444	0.8368953881
355	0.3896825722	0.8368953881
356	0.3895868767	0.8368953881
357	0.3895221825	0.8368953881
358	0.389489233	0.8368953881
359	0.3893514654	0.8380202475
360	0.3893299339	0.8380202475
361	0.3893221494	0.8380202475
362	0.389296803	0.8380202475
363	0.3890642033	0.8391451069
364	0.3889011621	0.8391451069
365	0.3888745396	0.8391451069
366	0.3887674489	0.8391451069
367	0.3886170837	0.8391451069
368	0.3883973238	0.8391451069
369	0.388317469	0.8391451069
370	0.3881709251	0.8402699663
371	0.3881163509	0.8402699663
372	0.3880391543	0.8391451069
373	0.3880377302	0.8391451069
374	0.3879562475	0.8391451069
375	0.3878060577	0.8391451069
376	0.387786588	0.8391451069
377	0.3876174555	0.8391451069
378	0.3874510071	0.8402699663
379	0.3872558399	0.8402699663
380	0.3871713712	0.8402699663
381	0.3871185673	0.8402699663
382	0.3871168528	0.8402699663
383	0.3868332431	0.8402699663
384	0.3863391909	0.8402699663
385	0.386270214	0.8402699663
386	0.38624576	0.8402699663
387	0.3861715878	0.8402699663
388	0.386077988	0.8402699663
389	0.3859860376	0.8402699663
390	0.3859009867	0.8402699663
391	0.3857696525	0.8402699663
392	0.3857695075	0.8402699663
393	0.3856685941	0.8402699663
394	0.3855419365	0.8402699663
395	0.3855254362	0.8402699663
396	0.3855249587	0.8402699663
397	0.3854372484	0.8402699663
398	0.385359989	0.8402699663
399	0.3852800813	0.8402699663
400	0.3852742947	0.8402699663
401	0.3849977961	0.8402699663
402	0.3846074775	0.8402699663
403	0.3844439568	0.8402699663
404	0.3843358662	0.8402699663
405	0.3841790974	0.8402699663
406	0.3840403023	0.8402699663
407	0.3839578402	0.8402699663
408	0.3839577344	0.8402699663
409	0.3838492563	0.8402699663
410	0.3838195389	0.8402699663
411	0.3837730417	0.8402699663
412	0.3837039518	0.8413948256
413	0.3836360369	0.8413948256
414	0.3835948665	0.8413948256
415	0.3835208594	0.8413948256
416	0.3834777907	0.8413948256
417	0.3833815136	0.8413948256
418	0.3832283031	0.842519685
419	0.3831510009	0.842519685
420	0.3830425952	0.842519685
421	0.3829137322	0.8413948256
422	0.3828025854	0.8413948256
423	0.3825342819	0.8413948256
424	0.3825022653	0.842519685
425	0.3824340923	0.842519685
426	0.3824073633	0.842519685
427	0.3823325544	0.842519685
428	0.3822188005	0.8436445444
429	0.3821446056	0.8436445444
430	0.3820536922	0.8447694038
431	0.3819613896	0.8447694038
432	0.3819445874	0.8447694038
433	0.3818381396	0.8447694038
434	0.3817032206	0.8447694038
435	0.3816221788	0.8447694038
436	0.3815242223	0.8447694038
437	0.3814626957	0.8447694038
438	0.381405512	0.8447694038
439	0.3813304263	0.8458942632
440	0.3812281395	0.8458942632
441	0.3811997958	0.8458942632
442	0.3811424619	0.8458942632
443	0.3811206781	0.8458942632
444	0.3810698045	0.8458942632
445	0.3809744071	0.8458942632
446	0.3808194452	0.8458942632
447	0.3807500494	0.8458942632
448	0.380748175	0.8458942632
449	0.3807425411	0.8458942632
450	0.380720703	0.8458942632
451	0.3806392206	0.8458942632
452	0.3805523129	0.8458942632
453	0.3804932205	0.8458942632
454	0.3804429665	0.8470191226
455	0.3803858724	0.8470191226
456	0.3803687171	0.8470191226
457	0.3801929663	0.8470191226
458	0.3801129864	0.8470191226
459	0.3798434003	0.848143982
460	0.3798297885	0.848143982
461	0.3796351687	0.848143982
462	0.3795602019	0.848143982
463	0.3794893144	0.848143982
464	0.3792402291	0.848143982
465	0.3792293387	0.848143982
466	0.379116331	0.848143982
467	0.3790884258	0.848143982
468	0.3790051131	0.848143982
469	0.3788248064	0.848143982
470	0.3788226224	0.848143982
471	0.3787819648	0.848143982
472	0.378781698	0.848143982
473	0.3787174362	0.848143982
474	0.3787128652	0.848143982
475	0.3786588816	0.848143982
476	0.3785312785	0.8492688414
477	0.3784695848	0.8492688414
478	0.3781853893	0.8503937008
479	0.3781807554	0.8503937008
480	0.3781807517	0.8503937008
481	0.3781222737	0.8503937008
482	0.378011725	0.8503937008
483	0.3780103103	0.8503937008
484	0.3778903848	0.8503937008
485	0.3778903805	0.8503937008
486	0.3778705269	0.8503937008
487	0.3777237593	0.8503937008
488	0.3776655006	0.8503937008
489	0.3776177767	0.8503937008
490	0.3775499771	0.8503937008
491	0.3774360786	0.8503937008
492	0.3772669962	0.8515185602
493	0.3771396373	0.8515185602
494	0.3771235811	0.8515185602
495	0.3770362717	0.8515185602
496	0.3769634015	0.8515185602
497	0.3769625442	0.8515185602
498	0.376861302	0.8515185602
499	0.3768610956	0.8515185602
500	0.3768152686	0.8515185602
501	0.3767849237	0.8515185602
502	0.3765499905	0.8515185602
503	0.3763979661	0.8515185602
504	0.3763692042	0.8515185602
505	0.3763085389	0.8515185602
506	0.3761630767	0.8515185602
507	0.376093383	0.8515185602
508	0.3760497575	0.8515185602
509	0.3760150052	0.8515185602
510	0.375997003	0.8515185602
511	0.375979812	0.8515185602
512	0.3759568239	0.8515185602
513	0.375834396	0.8515185602
514	0.3757405559	0.8515185602
515	0.3757113309	0.8526434196
516	0.3755908155	0.8526434196
517	0.3755537763	0.8526434196
518	0.3753678387	0.8526434196
519	0.3753302817	0.8526434196
520	0.375263515	0.8526434196
521	0.3751578097	0.8526434196
522	0.3751363359	0.8526434196
523	0.3750278665	0.8526434196
524	0.3748698456	0.8526434196
525	0.3747732398	0.8526434196
526	0.3747317604	0.8526434196
527	0.3746743253	0.8526434196
528	0.3745441308	0.8526434196
529	0.3745052239	0.8526434196
530	0.3742472098	0.8526434196
531	0.3742090703	0.8526434196
532	0.3741387159	0.8526434196
533	0.3740747074	0.8526434196
534	0.3739601028	0.8526434196
535	0.3738985837	0.8526434196
536	0.373844095	0.8526434196
537	0.3738440936	0.8526434196
538	0.3738435339	0.8526434196
539	0.3737792252	0.8526434196
540	0.3736436178	0.8526434196
541	0.3736192704	0.8526434196
542	0.3735099294	0.8526434196
543	0.3733999814	0.8526434196
544	0.3732493005	0.8526434196
545	0.3731793606	0.8526434196
546	0.3731791907	0.8526434196
547	0.3731715274	0.8526434196
548	0.3731490911	0.8526434196
549	0.3731466167	0.8526434196
550	0.3731372462	0.8526434196
551	0.3730732319	0.8526434196
552	0.3729826873	0.8526434196
553	0.3729570676	0.8526434196
554	0.3729435983	0.8526434196
555	0.3728706568	0.8526434196
556	0.3727406381	0.8526434196
557	0.3727088633	0.8526434196
558	0.3726450081	0.8526434196
559	0.3725942001	0.8526434196
560	0.3725768166	0.8526434196
561	0.3724529235	0.8526434196
562	0.3723062395	0.8526434196
563	0.3721089339	0.8526434196
564	0.3720866339	0.8526434196
565	0.3719158053	0.8526434196
566	0.3717994509	0.8526434196
567	0.3717203681	0.8526434196
568	0.3715710299	0.8526434196
569	0.3714866356	0.8526434196
570	0.3713888989	0.8526434196
571	0.3713155366	0.853768279
572	0.3712580828	0.853768279
573	0.3712076437	0.853768279
574	0.3712076429	0.853768279
575	0.3711840953	0.853768279
576	0.371160744	0.853768279
577	0.3711520365	0.853768279
578	0.3710956826	0.853768279
579	0.3710443553	0.853768279
580	0.3708833424	0.8548931384
581	0.3707472084	0.8548931384
582	0.3706786448	0.8548931384
583	0.370653828	0.8548931384
584	0.370515353	0.8548931384
585	0.3703962778	0.8548931384
586	0.3703796979	0.8548931384
587	0.370241468	0.8548931384
588	0.37019546	0.8548931384
589	0.3701055342	0.8548931384
590	0.370036141	0.8548931384
591	0.3698626242	0.8548931384
592	0.3698261439	0.8548931384
593	0.3698045095	0.8548931384
594	0.3697883975	0.8548931384
595	0.3697516977	0.8548931384
596	0.369608525	0.853768279
597	0.3693207708	0.8548931384
598	0.3692492096	0.853768279
599	0.3692318518	0.853768279
600	0.3690776662	0.8526434196
601	0.3690522398	0.8526434196
602	0.3690522397	0.8526434196
603	0.3689653677	0.8526434196
604	0.3687658781	0.8526434196
605	0.3686146612	0.8526434196
606	0.3686004085	0.8526434196
607	0.3685842685	0.8526434196
608	0.3684464944	0.8526434196
609	0.368414136	0.8526434196
610	0.3682001248	0.8526434196
611	0.3681326961	0.8526434196
612	0.3679198184	0.853768279
613	0.3678684186	0.853768279
614	0.3677136507	0.853768279
615	0.3676903007	0.853768279
616	0.3676744836	0.853768279
617	0.3676120171	0.853768279
618	0.3674935819	0.853768279
619	0.3674702755	0.853768279
620	0.3674295115	0.853768279
621	0.3674261498	0.853768279
622	0.3673471548	0.8548931384
623	0.367239393	0.8548931384
624	0.3671016538	0.8548931384
625	0.3669261976	0.8548931384
626	0.366842064	0.8548931384
627	0.3667560607	0.8548931384
628	0.3667089513	0.8548931384
629	0.3666052031	0.8560179978
630	0.3665458487	0.8560179978
631	0.3665287599	0.8560179978
632	0.3663298945	0.8560179978
633	0.3662989119	0.8560179978
634	0.3660778093	0.8560179978
635	0.3660161878	0.8560179978
636	0.3659402584	0.8560179978
637	0.3659252275	0.8560179978
638	0.3657747238	0.8560179978
639	0.3657362046	0.8560179978
640	0.3656774625	0.8560179978
641	0.3655958546	0.8560179978
642	0.365573185	0.8560179978
643	0.3654959822	0.8560179978
644	0.3652372184	0.8560179978
645	0.3652167108	0.8560179978
646	0.3650527157	0.8560179978
647	0.3649999175	0.8560179978
648	0.3649678889	0.8560179978
649	0.3649577252	0.8560179978
650	0.3648289488	0.8571428571
651	0.3647325928	0.8571428571
652	0.364473955	0.8571428571
653	0.364431749	0.8571428571
654	0.3644178499	0.8571428571
655	0.3642661158	0.8571428571
656	0.3642145895	0.8571428571
657	0.3642142651	0.8571428571
658	0.3641969617	0.8571428571
659	0.3641834895	0.8571428571
660	0.364178304	0.8571428571
661	0.3640790041	0.8571428571
662	0.3640602128	0.8571428571
663	0.3639462912	0.8571428571
664	0.363930157	0.8571428571
665	0.3638902964	0.8571428571
666	0.3637239127	0.8571428571
667	0.3635881495	0.8571428571
668	0.3634772019	0.8571428571
669	0.3634068496	0.8571428571
670	0.3633758729	0.8571428571
671	0.3631802447	0.8571428571
672	0.3631026419	0.8571428571
673	0.3630055697	0.8571428571
674	0.3628563906	0.8571428571
675	0.3628277304	0.8571428571
676	0.3628277269	0.8571428571
677	0.3627016299	0.8571428571
678	0.3626910243	0.8571428571
679	0.362460693	0.8571428571
680	0.3623905302	0.8571428571
681	0.3623698541	0.8571428571
682	0.3622673154	0.8571428571
683	0.3622159324	0.8571428571
684	0.3620935468	0.8571428571
685	0.3620513429	0.8571428571
686	0.3620486108	0.8571428571
687	0.3619951438	0.8571428571
688	0.3619865343	0.8571428571
689	0.3618569793	0.8571428571
690	0.3617203643	0.8571428571
691	0.3617202659	0.8571428571
692	0.3617202659	0.8571428571
693	0.3616483927	0.8571428571
694	0.3616259798	0.8571428571
695	0.3615657269	0.8571428571
696	0.3614505747	0.8571428571
697	0.3614505747	0.8571428571
698	0.3614435369	0.8571428571
699	0.3614415531	0.8571428571
700	0.3613275424	0.8571428571
701	0.3613275424	0.8571428571
702	0.3612808077	0.8571428571
703	0.3612802691	0.8571428571
704	0.3612508764	0.8571428571
705	0.3611569959	0.8571428571
706	0.3610627891	0.8571428571
707	0.3610446734	0.8571428571
708	0.3610441403	0.8571428571
709	0.360973445	0.8571428571
710	0.3609348058	0.8571428571
711	0.3608781644	0.8571428571
712	0.3608039152	0.8571428571
713	0.3607833842	0.8571428571
714	0.3607665958	0.8571428571
715	0.3607240707	0.8571428571
716	0.3607173148	0.8571428571
717	0.3604904827	0.8571428571
718	0.3603372108	0.8571428571
719	0.3601253157	0.8571428571
720	0.3599694879	0.8582677165
721	0.3599693086	0.8582677165
722	0.3599073417	0.8582677165
723	0.3598849542	0.8582677165
724	0.3598180684	0.8582677165
725	0.3596554283	0.8582677165
726	0.3595946503	0.8582677165
727	0.3595831482	0.8582677165
728	0.3594646834	0.8582677165
729	0.3593994363	0.8582677165
730	0.3593803086	0.8582677165
731	0.359345371	0.8582677165
732	0.3591838025	0.8582677165
733	0.3591772474	0.8582677165
734	0.3590639143	0.8582677165
735	0.3590265779	0.8582677165
736	0.3589573473	0.8582677165
737	0.3588974544	0.8582677165
738	0.3588937411	0.8582677165
739	0.3587742497	0.8571428571
740	0.3586962567	0.8571428571
741	0.3586696796	0.8571428571
742	0.3586491637	0.8571428571
743	0.3586321489	0.8571428571
744	0.3584023982	0.8571428571
745	0.3583618468	0.8571428571
746	0.3582530483	0.8571428571
747	0.3582452716	0.8571428571
748	0.3582373114	0.8571428571
749	0.3582219489	0.8571428571
750	0.3581626058	0.8571428571
751	0.3580544983	0.8571428571
752	0.3580312113	0.8571428571
753	0.3580312108	0.8571428571
754	0.3579981164	0.8571428571
755	0.3578084369	0.8571428571
756	0.3576324971	0.8571428571
757	0.3576193085	0.8571428571
758	0.3574807468	0.8571428571
759	0.3574654749	0.8582677165
760	0.3574409668	0.8582677165
761	0.3572986025	0.8571428571
762	0.3571805376	0.8571428571
763	0.3571683427	0.8571428571
764	0.3571121948	0.8571428571
765	0.3570089356	0.8571428571
766	0.3569302051	0.8571428571
767	0.3568736193	0.8571428571
768	0.3568241146	0.8571428571
769	0.3566834267	0.8571428571
770	0.3566673899	0.8571428571
771	0.356531349	0.8571428571
772	0.356469615	0.8571428571
773	0.3563505841	0.8571428571
774	0.3562620288	0.8571428571
775	0.356252372	0.8571428571
776	0.3562428546	0.8571428571
777	0.3561846344	0.8571428571
778	0.3560209464	0.8571428571
779	0.3560115872	0.8571428571
780	0.355933044	0.8571428571
781	0.3559321415	0.8571428571
782	0.3559229088	0.8571428571
783	0.3558344964	0.8571428571
784	0.3557392973	0.8571428571
785	0.3557326163	0.8571428571
786	0.3555509311	0.8571428571
787	0.3554902049	0.8571428571
788	0.3554292371	0.8571428571
789	0.3553072774	0.8571428571
790	0.3552256418	0.8571428571
791	0.3551265951	0.8571428571
792	0.3551152281	0.8571428571
793	0.3549247884	0.8571428571
794	0.3547882745	0.8571428571
795	0.3547742954	0.8571428571
796	0.3546506791	0.8571428571
797	0.3546089103	0.8571428571
798	0.3546032278	0.8571428571
799	0.3545899543	0.8571428571
800	0.3545684061	0.8571428571
801	0.3544742548	0.8571428571
802	0.3543456427	0.8571428571
803	0.3542790335	0.8571428571
804	0.3542026125	0.8571428571
805	0.3541498784	0.8571428571
806	0.353998194	0.8571428571
807	0.3539977686	0.8571428571
808	0.3539325434	0.8571428571
809	0.3538425527	0.8571428571
810	0.3537101183	0.8571428571
811	0.3537101171	0.8571428571
812	0.3537101168	0.8571428571
813	0.3537026622	0.8571428571
814	0.3535736514	0.8571428571
815	0.353475312	0.8571428571
816	0.3534687416	0.8571428571
817	0.3534611814	0.8571428571
818	0.3533901675	0.8571428571
819	0.3533071874	0.8571428571
820	0.3532730344	0.8571428571
821	0.3531556032	0.8571428571
822	0.3531525776	0.8571428571
823	0.3530892572	0.8571428571
824	0.352799961	0.8571428571
825	0.3527557448	0.8571428571
826	0.3527493704	0.8571428571
827	0.3527097495	0.8571428571
828	0.3525817635	0.8571428571
829	0.3525718976	0.8571428571
830	0.3523327209	0.8571428571
831	0.3523022744	0.8571428571
832	0.3522949231	0.8571428571
833	0.3521357615	0.8571428571
834	0.3521052986	0.8571428571
835	0.3520985078	0.8571428571
836	0.3520745614	0.8571428571
837	0.3519962865	0.8571428571
838	0.351958721	0.8571428571
839	0.3518945528	0.8571428571
840	0.351887076	0.8571428571
841	0.351825659	0.8571428571
842	0.3518256582	0.8571428571
843	0.3516968606	0.8571428571
844	0.3516133728	0.8571428571
845	0.3515626465	0.8582677165
846	0.351388345	0.8582677165
847	0.3512274917	0.8582677165
848	0.3512069896	0.8582677165
849	0.3511331288	0.8593925759
850	0.3511326183	0.8593925759
851	0.3510669501	0.8582677165
852	0.3510078485	0.8593925759
853	0.3509421087	0.8593925759
854	0.3508649375	0.8593925759
855	0.3507884158	0.8593925759
856	0.3506833908	0.8593925759
857	0.3505599986	0.8593925759
858	0.3505130251	0.8593925759
859	0.3504751016	0.8593925759
860	0.3504486057	0.8593925759
861	0.3503419767	0.8605174353
862	0.3503026278	0.8605174353
863	0.3501228536	0.8605174353
864	0.3501213609	0.8605174353
865	0.3500620401	0.8605174353
866	0.3499159683	0.8616422947
867	0.3498497339	0.8616422947
868	0.3497467705	0.8616422947
869	0.3497367837	0.8616422947
870	0.3496822675	0.8616422947
871	0.3496583291	0.8616422947
872	0.3495292148	0.8627671541
873	0.3494404423	0.8627671541
874	0.3493937981	0.8616422947
875	0.3493729601	0.8616422947
876	0.3493233709	0.8627671541
877	0.3491838836	0.8616422947
878	0.3490326171	0.8627671541
879	0.3490185455	0.8616422947
880	0.3489341594	0.8616422947
881	0.3489036553	0.8616422947
882	0.3488809531	0.8616422947
883	0.3488113197	0.8616422947
884	0.3487784511	0.8616422947
885	0.3486444229	0.8627671541
886	0.3486370905	0.8627671541
887	0.3485907936	0.8638920135
888	0.3485804475	0.8627671541
889	0.3485173146	0.8627671541
890	0.3484833592	0.8638920135
891	0.3483790154	0.8638920135
892	0.3482377401	0.8638920135
893	0.3482215591	0.8638920135
894	0.3482053906	0.8638920135
895	0.348056754	0.8638920135
896	0.3480453638	0.8638920135
897	0.347993104	0.8638920135
898	0.3479474352	0.8638920135
899	0.3479267828	0.8638920135
900	0.3478359755	0.8638920135
901	0.3476640735	0.8638920135
902	0.3473494848	0.8638920135
903	0.3472492881	0.8638920135
904	0.3471807103	0.8638920135
905	0.3470783596	0.8638920135
906	0.3469368496	0.8638920135
907	0.3468101024	0.8638920135
908	0.3468101023	0.8638920135
909	0.3467240849	0.8638920135
910	0.346692223	0.8638920135
911	0.3465932679	0.8638920135
912	0.3465264484	0.8638920135
913	0.3465264449	0.8638920135
914	0.3464091835	0.8638920135
915	0.3463288562	0.8638920135
916	0.3462970142	0.8638920135
917	0.3461635158	0.8638920135
918	0.3461359754	0.8638920135
919	0.3460208443	0.8638920135
920	0.3458906484	0.8638920135
921	0.3458856972	0.8638920135
922	0.3458321975	0.8650168729
923	0.3457878862	0.8650168729
924	0.3455409658	0.8650168729
925	0.3455230306	0.8650168729
926	0.3453850385	0.8650168729
927	0.345195545	0.8650168729
928	0.3451594094	0.8650168729
929	0.3451240403	0.8650168729
930	0.3450443282	0.8650168729
931	0.3449495189	0.8650168729
932	0.3448684248	0.8650168729
933	0.3448616694	0.8650168729
934	0.3448072204	0.8638920135
935	0.3447133335	0.8650168729
936	0.3444530523	0.8638920135
937	0.3443335823	0.8650168729
938	0.3441199993	0.8650168729
939	0.3440794813	0.8650168729
940	0.3439372101	0.8661417323
941	0.3437031334	0.8661417323
942	0.3436500522	0.8661417323
943	0.3436004936	0.8650168729
944	0.3435516214	0.8650168729
945	0.3434580713	0.8650168729
946	0.3434428118	0.8650168729
947	0.3433808692	0.8650168729
948	0.3432570003	0.8650168729
949	0.3432534833	0.8650168729
950	0.3432271689	0.8650168729
951	0.343188548	0.8650168729
952	0.3431446773	0.8650168729
953	0.3430298615	0.8650168729
954	0.3429300594	0.8650168729
955	0.3428892112	0.8650168729
956	0.3428454154	0.8650168729
957	0.3428292586	0.8650168729
958	0.3427781071	0.8638920135
959	0.3427338555	0.8650168729
960	0.342662227	0.8650168729
961	0.3426392411	0.8650168729
962	0.3425635537	0.8650168729
963	0.342563553	0.8650168729
964	0.3424352948	0.8650168729
965	0.3422821432	0.8661417323
966	0.3422155092	0.8661417323
967	0.3420855072	0.8661417323
968	0.3419957004	0.8661417323
969	0.3419797148	0.8672665917
970	0.3419179873	0.8672665917
971	0.3418908008	0.8672665917
972	0.3418156752	0.8672665917
973	0.3417513096	0.8695163105
974	0.3416251171	0.8683914511
975	0.3415224442	0.8695163105
976	0.3415224415	0.8695163105
977	0.3414544783	0.8683914511
978	0.3413893938	0.8695163105
979	0.3413289064	0.8706411699
980	0.34129594	0.8706411699
981	0.3412873078	0.8706411699
982	0.3411124754	0.8706411699
983	0.3410428947	0.8706411699
984	0.3408344786	0.8706411699
985	0.3407754924	0.8706411699
986	0.3405983285	0.8706411699
987	0.3404886725	0.8695163105
988	0.3404765726	0.8695163105
989	0.3404401226	0.8695163105
990	0.3403797338	0.8695163105
991	0.3403514718	0.8695163105
992	0.3402624309	0.8695163105
993	0.340217455	0.8695163105
994	0.3399938762	0.8695163105
995	0.3399341887	0.8695163105
996	0.339866928	0.8695163105
997	0.3398219277	0.8695163105
998	0.3397748333	0.8695163105
999	0.3396214332	0.8695163105
