iter	Precision_SumError	Precision_SumWeight	Recall_SumError	Recall_SumWeight	F1_TP	F1_TP+FP	F1_TP+FN
0	225	278	225	340	225	278	340
1	215	263	215	340	215	263	340
2	215	262	215	340	215	262	340
3	223	274	223	340	223	274	340
4	220	270	220	340	220	270	340
5	226	282	226	340	226	282	340
6	228	285	228	340	228	285	340
7	228	284	228	340	228	284	340
8	228	282	228	340	228	282	340
9	228	282	228	340	228	282	340
10	225	278	225	340	225	278	340
11	228	282	228	340	228	282	340
12	229	284	229	340	229	284	340
13	228	283	228	340	228	283	340
14	228	281	228	340	228	281	340
15	228	281	228	340	228	281	340
16	228	282	228	340	228	282	340
17	228	282	228	340	228	282	340
18	228	282	228	340	228	282	340
19	229	284	229	340	229	284	340
20	229	284	229	340	229	284	340
21	229	284	229	340	229	284	340
22	229	284	229	340	229	284	340
23	229	286	229	340	229	286	340
24	229	283	229	340	229	283	340
25	229	283	229	340	229	283	340
26	229	283	229	340	229	283	340
27	229	283	229	340	229	283	340
28	229	283	229	340	229	283	340
29	229	283	229	340	229	283	340
30	229	285	229	340	229	285	340
31	229	285	229	340	229	285	340
32	229	285	229	340	229	285	340
33	229	285	229	340	229	285	340
34	229	285	229	340	229	285	340
35	229	285	229	340	229	285	340
36	229	285	229	340	229	285	340
37	229	285	229	340	229	285	340
38	229	285	229	340	229	285	340
39	229	283	229	340	229	283	340
40	229	283	229	340	229	283	340
41	229	283	229	340	229	283	340
42	229	283	229	340	229	283	340
43	229	283	229	340	229	283	340
44	229	283	229	340	229	283	340
45	229	283	229	340	229	283	340
46	229	283	229	340	229	283	340
47	229	283	229	340	229	283	340
48	229	283	229	340	229	283	340
49	229	283	229	340	229	283	340
50	229	283	229	340	229	283	340
51	229	283	229	340	229	283	340
52	229	283	229	340	229	283	340
53	229	283	229	340	229	283	340
54	229	283	229	340	229	283	340
55	229	283	229	340	229	283	340
56	229	283	229	340	229	283	340
57	229	283	229	340	229	283	340
58	229	283	229	340	229	283	340
59	229	283	229	340	229	283	340
60	229	283	229	340	229	283	340
61	229	283	229	340	229	283	340
62	229	283	229	340	229	283	340
63	229	283	229	340	229	283	340
64	229	283	229	340	229	283	340
65	229	283	229	340	229	283	340
66	229	283	229	340	229	283	340
67	229	283	229	340	229	283	340
68	229	283	229	340	229	283	340
69	229	283	229	340	229	283	340
70	229	283	229	340	229	283	340
71	229	283	229	340	229	283	340
72	229	283	229	340	229	283	340
73	229	283	229	340	229	283	340
74	229	283	229	340	229	283	340
75	229	283	229	340	229	283	340
76	229	283	229	340	229	283	340
77	229	283	229	340	229	283	340
78	229	283	229	340	229	283	340
79	229	283	229	340	229	283	340
80	229	283	229	340	229	283	340
81	229	283	229	340	229	283	340
82	229	283	229	340	229	283	340
83	229	283	229	340	229	283	340
84	229	284	229	340	229	284	340
85	229	284	229	340	229	284	340
86	229	284	229	340	229	284	340
87	229	284	229	340	229	284	340
88	229	284	229	340	229	284	340
89	229	284	229	340	229	284	340
90	229	284	229	340	229	284	340
91	229	284	229	340	229	284	340
92	229	284	229	340	229	284	340
93	229	284	229	340	229	284	340
94	229	284	229	340	229	284	340
95	229	284	229	340	229	284	340
96	229	284	229	340	229	284	340
97	229	284	229	340	229	284	340
98	229	283	229	340	229	283	340
99	229	283	229	340	229	283	340
100	229	283	229	340	229	283	340
101	229	283	229	340	229	283	340
102	229	283	229	340	229	283	340
103	229	283	229	340	229	283	340
104	229	283	229	340	229	283	340
105	229	283	229	340	229	283	340
106	229	283	229	340	229	283	340
107	229	283	229	340	229	283	340
108	229	283	229	340	229	283	340
109	229	283	229	340	229	283	340
110	229	283	229	340	229	283	340
111	229	283	229	340	229	283	340
112	229	283	229	340	229	283	340
113	229	283	229	340	229	283	340
114	229	283	229	340	229	283	340
115	229	283	229	340	229	283	340
116	229	283	229	340	229	283	340
117	229	283	229	340	229	283	340
118	229	283	229	340	229	283	340
119	229	283	229	340	229	283	340
120	229	283	229	340	229	283	340
121	229	283	229	340	229	283	340
122	229	283	229	340	229	283	340
123	229	283	229	340	229	283	340
124	229	283	229	340	229	283	340
125	229	283	229	340	229	283	340
126	229	283	229	340	229	283	340
127	229	283	229	340	229	283	340
128	229	283	229	340	229	283	340
129	229	283	229	340	229	283	340
130	229	283	229	340	229	283	340
131	229	283	229	340	229	283	340
132	229	283	229	340	229	283	340
133	229	283	229	340	229	283	340
134	229	283	229	340	229	283	340
135	229	282	229	340	229	282	340
136	229	282	229	340	229	282	340
137	229	282	229	340	229	282	340
138	229	283	229	340	229	283	340
139	229	283	229	340	229	283	340
140	229	283	229	340	229	283	340
141	229	283	229	340	229	283	340
142	229	283	229	340	229	283	340
143	229	283	229	340	229	283	340
144	229	283	229	340	229	283	340
145	229	283	229	340	229	283	340
146	229	283	229	340	229	283	340
147	229	283	229	340	229	283	340
148	229	283	229	340	229	283	340
149	229	283	229	340	229	283	340
150	229	283	229	340	229	283	340
151	229	283	229	340	229	283	340
152	229	283	229	340	229	283	340
153	229	283	229	340	229	283	340
154	229	283	229	340	229	283	340
155	229	283	229	340	229	283	340
156	230	284	230	340	230	284	340
157	229	283	229	340	229	283	340
158	230	284	230	340	230	284	340
159	230	281	230	340	230	281	340
160	230	281	230	340	230	281	340
161	230	281	230	340	230	281	340
162	229	280	229	340	229	280	340
163	230	281	230	340	230	281	340
164	231	282	231	340	231	282	340
165	231	282	231	340	231	282	340
166	231	281	231	340	231	281	340
167	231	281	231	340	231	281	340
168	231	281	231	340	231	281	340
169	231	281	231	340	231	281	340
170	231	281	231	340	231	281	340
171	231	281	231	340	231	281	340
172	231	281	231	340	231	281	340
173	231	281	231	340	231	281	340
174	231	280	231	340	231	280	340
175	231	280	231	340	231	280	340
176	231	280	231	340	231	280	340
177	231	280	231	340	231	280	340
178	231	280	231	340	231	280	340
179	231	281	231	340	231	281	340
180	231	281	231	340	231	281	340
181	231	282	231	340	231	282	340
182	231	281	231	340	231	281	340
183	231	281	231	340	231	281	340
184	231	281	231	340	231	281	340
185	231	281	231	340	231	281	340
186	231	281	231	340	231	281	340
187	231	281	231	340	231	281	340
188	231	281	231	340	231	281	340
189	231	281	231	340	231	281	340
190	231	281	231	340	231	281	340
191	231	281	231	340	231	281	340
192	231	281	231	340	231	281	340
193	231	281	231	340	231	281	340
194	231	281	231	340	231	281	340
195	231	281	231	340	231	281	340
196	231	281	231	340	231	281	340
197	231	280	231	340	231	280	340
198	231	280	231	340	231	280	340
199	231	280	231	340	231	280	340
200	231	280	231	340	231	280	340
201	231	280	231	340	231	280	340
202	231	280	231	340	231	280	340
203	231	280	231	340	231	280	340
204	231	280	231	340	231	280	340
205	231	280	231	340	231	280	340
206	231	280	231	340	231	280	340
207	231	280	231	340	231	280	340
208	231	280	231	340	231	280	340
209	231	280	231	340	231	280	340
210	231	280	231	340	231	280	340
211	231	280	231	340	231	280	340
212	231	280	231	340	231	280	340
213	231	280	231	340	231	280	340
214	231	280	231	340	231	280	340
215	231	280	231	340	231	280	340
216	231	280	231	340	231	280	340
217	231	280	231	340	231	280	340
218	231	280	231	340	231	280	340
219	231	280	231	340	231	280	340
220	231	280	231	340	231	280	340
221	231	280	231	340	231	280	340
222	231	280	231	340	231	280	340
223	231	280	231	340	231	280	340
224	231	280	231	340	231	280	340
225	231	280	231	340	231	280	340
226	231	280	231	340	231	280	340
227	231	280	231	340	231	280	340
228	231	280	231	340	231	280	340
229	231	280	231	340	231	280	340
230	231	280	231	340	231	280	340
231	231	280	231	340	231	280	340
232	231	280	231	340	231	280	340
233	231	280	231	340	231	280	340
234	231	280	231	340	231	280	340
235	231	280	231	340	231	280	340
236	231	280	231	340	231	280	340
237	231	280	231	340	231	280	340
238	231	280	231	340	231	280	340
239	231	280	231	340	231	280	340
240	231	280	231	340	231	280	340
241	231	280	231	340	231	280	340
242	231	280	231	340	231	280	340
243	231	280	231	340	231	280	340
244	231	280	231	340	231	280	340
245	231	280	231	340	231	280	340
246	231	280	231	340	231	280	340
247	231	280	231	340	231	280	340
248	231	280	231	340	231	280	340
249	231	280	231	340	231	280	340
250	231	280	231	340	231	280	340
251	231	280	231	340	231	280	340
252	231	280	231	340	231	280	340
253	231	280	231	340	231	280	340
254	231	280	231	340	231	280	340
255	231	280	231	340	231	280	340
256	231	280	231	340	231	280	340
257	231	280	231	340	231	280	340
258	231	280	231	340	231	280	340
259	231	280	231	340	231	280	340
260	231	280	231	340	231	280	340
261	231	280	231	340	231	280	340
262	231	279	231	340	231	279	340
263	231	280	231	340	231	280	340
264	231	280	231	340	231	280	340
265	231	280	231	340	231	280	340
266	231	280	231	340	231	280	340
267	231	279	231	340	231	279	340
268	231	279	231	340	231	279	340
269	231	279	231	340	231	279	340
270	231	279	231	340	231	279	340
271	231	279	231	340	231	279	340
272	231	279	231	340	231	279	340
273	231	279	231	340	231	279	340
274	231	279	231	340	231	279	340
275	231	279	231	340	231	279	340
276	231	279	231	340	231	279	340
277	231	279	231	340	231	279	340
278	231	279	231	340	231	279	340
279	231	279	231	340	231	279	340
280	231	279	231	340	231	279	340
281	231	279	231	340	231	279	340
282	231	279	231	340	231	279	340
283	231	279	231	340	231	279	340
284	231	280	231	340	231	280	340
285	231	279	231	340	231	279	340
286	231	279	231	340	231	279	340
287	231	279	231	340	231	279	340
288	231	279	231	340	231	279	340
289	231	280	231	340	231	280	340
290	231	280	231	340	231	280	340
291	231	280	231	340	231	280	340
292	231	280	231	340	231	280	340
293	231	280	231	340	231	280	340
294	231	280	231	340	231	280	340
295	231	280	231	340	231	280	340
296	231	280	231	340	231	280	340
297	231	280	231	340	231	280	340
298	231	280	231	340	231	280	340
299	231	280	231	340	231	280	340
300	231	280	231	340	231	280	340
301	231	280	231	340	231	280	340
302	231	280	231	340	231	280	340
303	231	280	231	340	231	280	340
304	231	280	231	340	231	280	340
305	231	280	231	340	231	280	340
306	231	280	231	340	231	280	340
307	231	280	231	340	231	280	340
308	231	280	231	340	231	280	340
309	231	280	231	340	231	280	340
310	231	280	231	340	231	280	340
311	231	280	231	340	231	280	340
312	231	280	231	340	231	280	340
313	231	280	231	340	231	280	340
314	231	280	231	340	231	280	340
315	231	280	231	340	231	280	340
316	231	280	231	340	231	280	340
317	231	280	231	340	231	280	340
318	231	280	231	340	231	280	340
319	231	280	231	340	231	280	340
320	231	280	231	340	231	280	340
321	231	280	231	340	231	280	340
322	231	280	231	340	231	280	340
323	231	280	231	340	231	280	340
324	231	280	231	340	231	280	340
325	231	280	231	340	231	280	340
326	231	280	231	340	231	280	340
327	231	280	231	340	231	280	340
328	231	280	231	340	231	280	340
329	231	280	231	340	231	280	340
330	231	280	231	340	231	280	340
331	231	280	231	340	231	280	340
332	231	280	231	340	231	280	340
333	231	280	231	340	231	280	340
334	231	280	231	340	231	280	340
335	231	280	231	340	231	280	340
336	231	280	231	340	231	280	340
337	231	280	231	340	231	280	340
338	231	280	231	340	231	280	340
339	231	280	231	340	231	280	340
340	231	280	231	340	231	280	340
341	231	280	231	340	231	280	340
342	231	280	231	340	231	280	340
343	231	280	231	340	231	280	340
344	231	280	231	340	231	280	340
345	231	280	231	340	231	280	340
346	231	280	231	340	231	280	340
347	231	280	231	340	231	280	340
348	231	280	231	340	231	280	340
349	231	280	231	340	231	280	340
350	231	280	231	340	231	280	340
351	231	280	231	340	231	280	340
352	231	280	231	340	231	280	340
353	231	280	231	340	231	280	340
354	231	280	231	340	231	280	340
355	231	280	231	340	231	280	340
356	231	280	231	340	231	280	340
357	231	280	231	340	231	280	340
358	231	280	231	340	231	280	340
359	231	280	231	340	231	280	340
360	231	280	231	340	231	280	340
361	231	280	231	340	231	280	340
362	231	280	231	340	231	280	340
363	231	280	231	340	231	280	340
364	231	280	231	340	231	280	340
365	231	280	231	340	231	280	340
366	231	280	231	340	231	280	340
367	231	280	231	340	231	280	340
368	231	280	231	340	231	280	340
369	231	280	231	340	231	280	340
370	231	280	231	340	231	280	340
371	231	280	231	340	231	280	340
372	231	280	231	340	231	280	340
373	231	280	231	340	231	280	340
374	231	280	231	340	231	280	340
375	231	280	231	340	231	280	340
376	231	280	231	340	231	280	340
377	231	280	231	340	231	280	340
378	231	280	231	340	231	280	340
379	231	280	231	340	231	280	340
380	231	280	231	340	231	280	340
381	231	280	231	340	231	280	340
382	231	280	231	340	231	280	340
383	231	280	231	340	231	280	340
384	231	280	231	340	231	280	340
385	231	280	231	340	231	280	340
386	231	280	231	340	231	280	340
387	231	280	231	340	231	280	340
388	231	280	231	340	231	280	340
389	231	280	231	340	231	280	340
390	231	280	231	340	231	280	340
391	231	280	231	340	231	280	340
392	231	280	231	340	231	280	340
393	231	280	231	340	231	280	340
394	232	281	232	340	232	281	340
395	232	281	232	340	232	281	340
396	232	281	232	340	232	281	340
397	232	281	232	340	232	281	340
398	233	283	233	340	233	283	340
399	233	283	233	340	233	283	340
400	233	283	233	340	233	283	340
401	233	283	233	340	233	283	340
402	232	281	232	340	232	281	340
403	232	282	232	340	232	282	340
404	232	282	232	340	232	282	340
405	232	281	232	340	232	281	340
406	232	282	232	340	232	282	340
407	232	282	232	340	232	282	340
408	232	282	232	340	232	282	340
409	232	282	232	340	232	282	340
410	232	282	232	340	232	282	340
411	233	284	233	340	233	284	340
412	233	284	233	340	233	284	340
413	233	284	233	340	233	284	340
414	233	284	233	340	233	284	340
415	232	282	232	340	232	282	340
416	233	284	233	340	233	284	340
417	233	284	233	340	233	284	340
418	233	284	233	340	233	284	340
419	233	284	233	340	233	284	340
420	233	284	233	340	233	284	340
421	233	284	233	340	233	284	340
422	233	284	233	340	233	284	340
423	233	284	233	340	233	284	340
424	233	284	233	340	233	284	340
425	233	284	233	340	233	284	340
426	233	284	233	340	233	284	340
427	233	284	233	340	233	284	340
428	233	284	233	340	233	284	340
429	233	284	233	340	233	284	340
430	233	284	233	340	233	284	340
431	233	284	233	340	233	284	340
432	233	284	233	340	233	284	340
433	233	284	233	340	233	284	340
434	233	284	233	340	233	284	340
435	233	284	233	340	233	284	340
436	233	284	233	340	233	284	340
437	233	284	233	340	233	284	340
438	233	284	233	340	233	284	340
439	233	284	233	340	233	284	340
440	233	284	233	340	233	284	340
441	233	284	233	340	233	284	340
442	233	284	233	340	233	284	340
443	233	284	233	340	233	284	340
444	233	284	233	340	233	284	340
445	233	284	233	340	233	284	340
446	233	284	233	340	233	284	340
447	234	285	234	340	234	285	340
448	234	285	234	340	234	285	340
449	234	285	234	340	234	285	340
450	234	285	234	340	234	285	340
451	234	285	234	340	234	285	340
452	234	285	234	340	234	285	340
453	234	285	234	340	234	285	340
454	234	285	234	340	234	285	340
455	234	285	234	340	234	285	340
456	234	285	234	340	234	285	340
457	234	285	234	340	234	285	340
458	234	285	234	340	234	285	340
459	234	285	234	340	234	285	340
460	234	285	234	340	234	285	340
461	234	285	234	340	234	285	340
462	234	285	234	340	234	285	340
463	234	285	234	340	234	285	340
464	234	285	234	340	234	285	340
465	234	285	234	340	234	285	340
466	234	285	234	340	234	285	340
467	234	285	234	340	234	285	340
468	234	285	234	340	234	285	340
469	234	285	234	340	234	285	340
470	234	285	234	340	234	285	340
471	234	285	234	340	234	285	340
472	234	285	234	340	234	285	340
473	234	285	234	340	234	285	340
474	234	285	234	340	234	285	340
475	234	286	234	340	234	286	340
476	233	285	233	340	233	285	340
477	233	285	233	340	233	285	340
478	233	284	233	340	233	284	340
479	233	284	233	340	233	284	340
480	233	284	233	340	233	284	340
481	233	284	233	340	233	284	340
482	233	285	233	340	233	285	340
483	233	285	233	340	233	285	340
484	233	284	233	340	233	284	340
485	233	284	233	340	233	284	340
486	233	284	233	340	233	284	340
487	233	284	233	340	233	284	340
488	233	284	233	340	233	284	340
489	233	284	233	340	233	284	340
490	231	281	231	340	231	281	340
491	233	284	233	340	233	284	340
492	231	282	231	340	231	282	340
493	233	285	233	340	233	285	340
494	233	285	233	340	233	285	340
495	233	285	233	340	233	285	340
496	233	285	233	340	233	285	340
497	233	285	233	340	233	285	340
498	234	286	234	340	234	286	340
499	234	286	234	340	234	286	340
500	234	286	234	340	234	286	340
501	234	286	234	340	234	286	340
502	233	285	233	340	233	285	340
503	233	285	233	340	233	285	340
504	233	285	233	340	233	285	340
505	231	282	231	340	231	282	340
506	231	282	231	340	231	282	340
507	231	282	231	340	231	282	340
508	231	282	231	340	231	282	340
509	231	282	231	340	231	282	340
510	231	282	231	340	231	282	340
511	231	282	231	340	231	282	340
512	231	282	231	340	231	282	340
513	231	282	231	340	231	282	340
514	231	282	231	340	231	282	340
515	231	282	231	340	231	282	340
516	231	282	231	340	231	282	340
517	232	283	232	340	232	283	340
518	231	282	231	340	231	282	340
519	231	282	231	340	231	282	340
520	231	282	231	340	231	282	340
521	231	282	231	340	231	282	340
522	231	282	231	340	231	282	340
523	231	282	231	340	231	282	340
524	231	282	231	340	231	282	340
525	231	282	231	340	231	282	340
526	231	283	231	340	231	283	340
527	231	283	231	340	231	283	340
528	231	283	231	340	231	283	340
529	231	283	231	340	231	283	340
530	231	283	231	340	231	283	340
531	231	283	231	340	231	283	340
532	231	283	231	340	231	283	340
533	231	283	231	340	231	283	340
534	231	283	231	340	231	283	340
535	231	283	231	340	231	283	340
536	231	283	231	340	231	283	340
537	231	283	231	340	231	283	340
538	231	283	231	340	231	283	340
539	231	283	231	340	231	283	340
540	231	283	231	340	231	283	340
541	231	283	231	340	231	283	340
542	231	283	231	340	231	283	340
543	231	283	231	340	231	283	340
544	231	283	231	340	231	283	340
545	231	283	231	340	231	283	340
546	231	283	231	340	231	283	340
547	231	283	231	340	231	283	340
548	231	283	231	340	231	283	340
549	231	283	231	340	231	283	340
550	231	283	231	340	231	283	340
551	231	283	231	340	231	283	340
552	231	281	231	340	231	281	340
553	232	282	232	340	232	282	340
554	232	282	232	340	232	282	340
555	232	282	232	340	232	282	340
556	232	282	232	340	232	282	340
557	232	282	232	340	232	282	340
558	232	282	232	340	232	282	340
559	232	282	232	340	232	282	340
560	232	282	232	340	232	282	340
561	232	282	232	340	232	282	340
562	232	282	232	340	232	282	340
563	232	282	232	340	232	282	340
564	232	282	232	340	232	282	340
565	232	282	232	340	232	282	340
566	232	282	232	340	232	282	340
567	232	281	232	340	232	281	340
568	232	282	232	340	232	282	340
569	232	282	232	340	232	282	340
570	232	281	232	340	232	281	340
571	232	282	232	340	232	282	340
572	232	282	232	340	232	282	340
573	232	281	232	340	232	281	340
574	232	281	232	340	232	281	340
575	232	281	232	340	232	281	340
576	232	282	232	340	232	282	340
577	232	282	232	340	232	282	340
578	232	281	232	340	232	281	340
579	232	281	232	340	232	281	340
580	232	281	232	340	232	281	340
581	232	281	232	340	232	281	340
582	232	282	232	340	232	282	340
583	232	282	232	340	232	282	340
584	232	282	232	340	232	282	340
585	232	282	232	340	232	282	340
586	232	282	232	340	232	282	340
587	232	282	232	340	232	282	340
588	232	282	232	340	232	282	340
589	232	282	232	340	232	282	340
590	232	282	232	340	232	282	340
591	232	282	232	340	232	282	340
592	232	282	232	340	232	282	340
593	232	282	232	340	232	282	340
594	232	282	232	340	232	282	340
595	232	282	232	340	232	282	340
596	232	282	232	340	232	282	340
597	232	281	232	340	232	281	340
598	232	281	232	340	232	281	340
599	232	281	232	340	232	281	340
600	232	281	232	340	232	281	340
601	232	281	232	340	232	281	340
602	232	281	232	340	232	281	340
603	232	281	232	340	232	281	340
604	232	281	232	340	232	281	340
605	232	281	232	340	232	281	340
606	232	281	232	340	232	281	340
607	232	281	232	340	232	281	340
608	232	281	232	340	232	281	340
609	232	281	232	340	232	281	340
610	232	280	232	340	232	280	340
611	232	280	232	340	232	280	340
612	232	280	232	340	232	280	340
613	232	280	232	340	232	280	340
614	232	280	232	340	232	280	340
615	232	280	232	340	232	280	340
616	232	280	232	340	232	280	340
617	232	281	232	340	232	281	340
618	232	281	232	340	232	281	340
619	232	282	232	340	232	282	340
620	232	280	232	340	232	280	340
621	232	280	232	340	232	280	340
622	232	280	232	340	232	280	340
623	232	280	232	340	232	280	340
624	232	281	232	340	232	281	340
625	232	280	232	340	232	280	340
626	232	280	232	340	232	280	340
627	232	280	232	340	232	280	340
628	232	280	232	340	232	280	340
629	232	280	232	340	232	280	340
630	232	280	232	340	232	280	340
631	232	280	232	340	232	280	340
632	232	280	232	340	232	280	340
633	232	280	232	340	232	280	340
634	232	280	232	340	232	280	340
635	232	280	232	340	232	280	340
636	232	281	232	340	232	281	340
637	232	281	232	340	232	281	340
638	233	282	233	340	233	282	340
639	232	280	232	340	232	280	340
640	233	282	233	340	233	282	340
641	233	282	233	340	233	282	340
642	233	282	233	340	233	282	340
643	233	282	233	340	233	282	340
644	233	282	233	340	233	282	340
645	233	282	233	340	233	282	340
646	233	282	233	340	233	282	340
647	233	282	233	340	233	282	340
648	233	282	233	340	233	282	340
649	233	282	233	340	233	282	340
650	233	282	233	340	233	282	340
651	233	281	233	340	233	281	340
652	233	282	233	340	233	282	340
653	233	282	233	340	233	282	340
654	233	282	233	340	233	282	340
655	233	282	233	340	233	282	340
656	233	283	233	340	233	283	340
657	233	283	233	340	233	283	340
658	233	283	233	340	233	283	340
659	233	283	233	340	233	283	340
660	234	284	234	340	234	284	340
661	233	281	233	340	233	281	340
662	233	281	233	340	233	281	340
663	233	281	233	340	233	281	340
664	234	282	234	340	234	282	340
665	234	282	234	340	234	282	340
666	234	282	234	340	234	282	340
667	234	282	234	340	234	282	340
668	234	282	234	340	234	282	340
669	234	282	234	340	234	282	340
670	234	282	234	340	234	282	340
671	234	282	234	340	234	282	340
672	234	282	234	340	234	282	340
673	234	282	234	340	234	282	340
674	234	282	234	340	234	282	340
675	234	282	234	340	234	282	340
676	234	282	234	340	234	282	340
677	234	282	234	340	234	282	340
678	234	282	234	340	234	282	340
679	234	282	234	340	234	282	340
680	234	282	234	340	234	282	340
681	234	282	234	340	234	282	340
682	234	281	234	340	234	281	340
683	234	281	234	340	234	281	340
684	236	284	236	340	236	284	340
685	236	284	236	340	236	284	340
686	236	284	236	340	236	284	340
687	236	284	236	340	236	284	340
688	236	284	236	340	236	284	340
689	236	284	236	340	236	284	340
690	236	284	236	340	236	284	340
691	236	284	236	340	236	284	340
692	236	284	236	340	236	284	340
693	236	284	236	340	236	284	340
694	236	284	236	340	236	284	340
695	236	284	236	340	236	284	340
696	236	283	236	340	236	283	340
697	236	283	236	340	236	283	340
698	236	283	236	340	236	283	340
699	236	283	236	340	236	283	340
700	236	283	236	340	236	283	340
701	236	283	236	340	236	283	340
702	236	283	236	340	236	283	340
703	236	283	236	340	236	283	340
704	236	283	236	340	236	283	340
705	236	283	236	340	236	283	340
706	236	283	236	340	236	283	340
707	236	283	236	340	236	283	340
708	236	283	236	340	236	283	340
709	236	283	236	340	236	283	340
710	236	283	236	340	236	283	340
711	236	283	236	340	236	283	340
712	236	283	236	340	236	283	340
713	236	283	236	340	236	283	340
714	236	283	236	340	236	283	340
715	236	283	236	340	236	283	340
716	236	283	236	340	236	283	340
717	236	283	236	340	236	283	340
718	236	283	236	340	236	283	340
719	236	283	236	340	236	283	340
720	236	283	236	340	236	283	340
721	236	283	236	340	236	283	340
722	236	283	236	340	236	283	340
723	236	283	236	340	236	283	340
724	236	283	236	340	236	283	340
725	236	283	236	340	236	283	340
726	236	283	236	340	236	283	340
727	236	283	236	340	236	283	340
728	236	283	236	340	236	283	340
729	236	283	236	340	236	283	340
730	236	283	236	340	236	283	340
731	236	282	236	340	236	282	340
732	236	282	236	340	236	282	340
733	236	282	236	340	236	282	340
734	236	282	236	340	236	282	340
735	236	282	236	340	236	282	340
736	236	282	236	340	236	282	340
737	236	282	236	340	236	282	340
738	236	282	236	340	236	282	340
739	236	282	236	340	236	282	340
740	236	282	236	340	236	282	340
741	236	281	236	340	236	281	340
742	236	281	236	340	236	281	340
743	236	281	236	340	236	281	340
744	236	281	236	340	236	281	340
745	236	281	236	340	236	281	340
746	236	281	236	340	236	281	340
747	236	281	236	340	236	281	340
748	236	281	236	340	236	281	340
749	236	281	236	340	236	281	340
750	236	282	236	340	236	282	340
751	236	281	236	340	236	281	340
752	236	281	236	340	236	281	340
753	236	281	236	340	236	281	340
754	236	281	236	340	236	281	340
755	236	281	236	340	236	281	340
756	236	281	236	340	236	281	340
757	236	281	236	340	236	281	340
758	236	281	236	340	236	281	340
759	236	281	236	340	236	281	340
760	236	281	236	340	236	281	340
761	236	281	236	340	236	281	340
762	236	281	236	340	236	281	340
763	236	281	236	340	236	281	340
764	236	281	236	340	236	281	340
765	236	281	236	340	236	281	340
766	236	281	236	340	236	281	340
767	236	281	236	340	236	281	340
768	236	281	236	340	236	281	340
769	236	281	236	340	236	281	340
770	236	281	236	340	236	281	340
771	236	281	236	340	236	281	340
772	236	281	236	340	236	281	340
773	236	281	236	340	236	281	340
774	236	281	236	340	236	281	340
775	236	281	236	340	236	281	340
776	236	281	236	340	236	281	340
777	236	281	236	340	236	281	340
778	236	281	236	340	236	281	340
779	236	281	236	340	236	281	340
780	236	281	236	340	236	281	340
781	236	281	236	340	236	281	340
782	236	281	236	340	236	281	340
783	236	281	236	340	236	281	340
784	236	281	236	340	236	281	340
785	236	281	236	340	236	281	340
786	236	281	236	340	236	281	340
787	236	281	236	340	236	281	340
788	236	281	236	340	236	281	340
789	236	281	236	340	236	281	340
790	236	281	236	340	236	281	340
791	236	281	236	340	236	281	340
792	236	281	236	340	236	281	340
793	236	281	236	340	236	281	340
794	236	281	236	340	236	281	340
795	236	281	236	340	236	281	340
796	236	281	236	340	236	281	340
797	236	281	236	340	236	281	340
798	236	281	236	340	236	281	340
799	236	281	236	340	236	281	340
800	236	281	236	340	236	281	340
801	236	281	236	340	236	281	340
802	236	281	236	340	236	281	340
803	236	281	236	340	236	281	340
804	236	281	236	340	236	281	340
805	236	281	236	340	236	281	340
806	236	281	236	340	236	281	340
807	236	281	236	340	236	281	340
808	236	281	236	340	236	281	340
809	236	281	236	340	236	281	340
810	236	281	236	340	236	281	340
811	236	281	236	340	236	281	340
812	236	281	236	340	236	281	340
813	236	281	236	340	236	281	340
814	236	281	236	340	236	281	340
815	236	281	236	340	236	281	340
816	236	281	236	340	236	281	340
817	236	281	236	340	236	281	340
818	236	281	236	340	236	281	340
819	236	281	236	340	236	281	340
820	236	281	236	340	236	281	340
821	236	281	236	340	236	281	340
822	236	281	236	340	236	281	340
823	236	281	236	340	236	281	340
824	236	281	236	340	236	281	340
825	236	281	236	340	236	281	340
826	236	281	236	340	236	281	340
827	236	281	236	340	236	281	340
828	236	281	236	340	236	281	340
829	236	281	236	340	236	281	340
830	236	281	236	340	236	281	340
831	236	281	236	340	236	281	340
832	236	281	236	340	236	281	340
833	236	281	236	340	236	281	340
834	236	281	236	340	236	281	340
835	236	281	236	340	236	281	340
836	236	281	236	340	236	281	340
837	236	281	236	340	236	281	340
838	236	281	236	340	236	281	340
839	236	281	236	340	236	281	340
840	236	281	236	340	236	281	340
841	236	281	236	340	236	281	340
842	236	281	236	340	236	281	340
843	236	281	236	340	236	281	340
844	236	281	236	340	236	281	340
845	236	281	236	340	236	281	340
846	236	281	236	340	236	281	340
847	236	281	236	340	236	281	340
848	236	281	236	340	236	281	340
849	236	281	236	340	236	281	340
850	236	281	236	340	236	281	340
851	236	281	236	340	236	281	340
852	236	281	236	340	236	281	340
853	236	281	236	340	236	281	340
854	236	281	236	340	236	281	340
855	236	281	236	340	236	281	340
856	236	281	236	340	236	281	340
857	236	281	236	340	236	281	340
858	236	281	236	340	236	281	340
859	236	281	236	340	236	281	340
860	236	281	236	340	236	281	340
861	236	281	236	340	236	281	340
862	236	281	236	340	236	281	340
863	236	281	236	340	236	281	340
864	236	281	236	340	236	281	340
865	236	281	236	340	236	281	340
866	236	281	236	340	236	281	340
867	236	281	236	340	236	281	340
868	236	281	236	340	236	281	340
869	236	281	236	340	236	281	340
870	236	281	236	340	236	281	340
871	236	279	236	340	236	279	340
872	236	279	236	340	236	279	340
873	236	279	236	340	236	279	340
874	236	279	236	340	236	279	340
875	236	279	236	340	236	279	340
876	236	279	236	340	236	279	340
877	236	279	236	340	236	279	340
878	236	279	236	340	236	279	340
879	236	279	236	340	236	279	340
880	236	279	236	340	236	279	340
881	236	279	236	340	236	279	340
882	235	276	235	340	235	276	340
883	235	276	235	340	235	276	340
884	235	276	235	340	235	276	340
885	235	276	235	340	235	276	340
886	235	276	235	340	235	276	340
887	235	276	235	340	235	276	340
888	235	276	235	340	235	276	340
889	234	274	234	340	234	274	340
890	234	274	234	340	234	274	340
891	234	274	234	340	234	274	340
892	234	274	234	340	234	274	340
893	234	274	234	340	234	274	340
894	234	274	234	340	234	274	340
895	234	274	234	340	234	274	340
896	234	274	234	340	234	274	340
897	234	274	234	340	234	274	340
898	234	274	234	340	234	274	340
899	234	274	234	340	234	274	340
900	234	274	234	340	234	274	340
901	234	274	234	340	234	274	340
902	234	273	234	340	234	273	340
903	234	273	234	340	234	273	340
904	234	273	234	340	234	273	340
905	234	273	234	340	234	273	340
906	234	273	234	340	234	273	340
907	234	273	234	340	234	273	340
908	234	273	234	340	234	273	340
909	234	273	234	340	234	273	340
910	234	272	234	340	234	272	340
911	234	272	234	340	234	272	340
912	234	272	234	340	234	272	340
913	234	272	234	340	234	272	340
914	234	272	234	340	234	272	340
915	234	273	234	340	234	273	340
916	234	273	234	340	234	273	340
917	234	273	234	340	234	273	340
918	234	273	234	340	234	273	340
919	234	272	234	340	234	272	340
920	234	272	234	340	234	272	340
921	234	272	234	340	234	272	340
922	234	272	234	340	234	272	340
923	234	272	234	340	234	272	340
924	234	272	234	340	234	272	340
925	234	272	234	340	234	272	340
926	234	272	234	340	234	272	340
927	234	272	234	340	234	272	340
928	234	272	234	340	234	272	340
929	234	272	234	340	234	272	340
930	234	272	234	340	234	272	340
931	234	272	234	340	234	272	340
932	234	271	234	340	234	271	340
933	234	271	234	340	234	271	340
934	233	269	233	340	233	269	340
935	233	270	233	340	233	270	340
936	233	270	233	340	233	270	340
937	233	270	233	340	233	270	340
938	233	270	233	340	233	270	340
939	233	269	233	340	233	269	340
940	234	271	234	340	234	271	340
941	233	269	233	340	233	269	340
942	234	271	234	340	234	271	340
943	233	269	233	340	233	269	340
944	233	269	233	340	233	269	340
945	233	269	233	340	233	269	340
946	233	269	233	340	233	269	340
947	233	269	233	340	233	269	340
948	233	269	233	340	233	269	340
949	233	269	233	340	233	269	340
950	233	269	233	340	233	269	340
951	233	269	233	340	233	269	340
952	233	269	233	340	233	269	340
953	233	269	233	340	233	269	340
954	233	269	233	340	233	269	340
955	233	269	233	340	233	269	340
956	233	269	233	340	233	269	340
957	233	269	233	340	233	269	340
958	233	269	233	340	233	269	340
959	233	269	233	340	233	269	340
960	233	269	233	340	233	269	340
961	233	269	233	340	233	269	340
962	233	269	233	340	233	269	340
963	233	269	233	340	233	269	340
964	233	269	233	340	233	269	340
965	233	269	233	340	233	269	340
966	233	269	233	340	233	269	340
967	233	269	233	340	233	269	340
968	233	269	233	340	233	269	340
969	233	269	233	340	233	269	340
970	233	269	233	340	233	269	340
971	233	269	233	340	233	269	340
972	233	269	233	340	233	269	340
973	233	269	233	340	233	269	340
974	233	269	233	340	233	269	340
975	233	269	233	340	233	269	340
976	233	269	233	340	233	269	340
977	233	269	233	340	233	269	340
978	233	269	233	340	233	269	340
979	233	269	233	340	233	269	340
980	233	269	233	340	233	269	340
981	233	269	233	340	233	269	340
982	233	269	233	340	233	269	340
983	233	269	233	340	233	269	340
984	233	269	233	340	233	269	340
985	233	269	233	340	233	269	340
986	233	269	233	340	233	269	340
987	233	269	233	340	233	269	340
988	233	269	233	340	233	269	340
989	233	269	233	340	233	269	340
990	233	269	233	340	233	269	340
991	233	269	233	340	233	269	340
992	233	269	233	340	233	269	340
993	233	269	233	340	233	269	340
994	233	269	233	340	233	269	340
995	233	269	233	340	233	269	340
996	233	269	233	340	233	269	340
997	233	269	233	340	233	269	340
998	233	269	233	340	233	269	340
999	233	269	233	340	233	269	340
